USERID,VPL,ID_vpl,DATESSUBMITTED,COMMENTS,DATEGRADED,GRADE,DATA_ENVIO,DATA_AVALIACAO,NOTA,CONTAGEM,ID_alunos,NAME,ATRASO,ENTREGA_NO_PRAZO,NOME
18,103,20845,1684437008,,1684437013,1.000.000,2023-05-18 19:10:08,2023-05-18 19:10:13,10.0,10,103,Questão 1,False,True,Aluno 31
18,104,21127,1684496794,,1684496802,1.000.000,2023-05-19 11:46:34,2023-05-19 11:46:42,10.0,13,104,Questão 2,False,True,Aluno 31
18,105,21139,1684498091,,1684498105,1.000.000,2023-05-19 12:08:11,2023-05-19 12:08:25,10.0,3,105,Questão 3,False,True,Aluno 31
18,106,21158,1684499593,,1684499617,1.000.000,2023-05-19 12:33:13,2023-05-19 12:33:37,10.0,6,106,Questão 4,False,True,Aluno 31
18,107,21194,1684502231,,1684502282,1.000.000,2023-05-19 13:17:11,2023-05-19 13:18:02,10.0,5,107,Questão 5,False,True,Aluno 31
18,108,21436,1684527825,,1684527844,1.000.000,2023-05-19 20:23:45,2023-05-19 20:24:04,10.0,4,108,Questão 6,False,True,Aluno 31
18,109,22980,1684704120,,1684704214,1.000.000,2023-05-21 21:22:00,2023-05-21 21:23:34,10.0,16,109,Questão 7,False,True,Aluno 31
18,110,22999,1684704870,,1684704880,1.000.000,2023-05-21 21:34:30,2023-05-21 21:34:40,10.0,4,110,Questão 8,False,True,Aluno 31
18,111,23070,1684708730,,1684708734,1.000.000,2023-05-21 22:38:50,2023-05-21 22:38:54,10.0,7,111,Questão 9,False,True,Aluno 31
20,103,20618,1684407258,,1684407264,1.000.000,2023-05-18 10:54:18,2023-05-18 10:54:24,10.0,9,103,Questão 1,False,True,Aluno 06
20,104,20633,1684408787,,1684408802,1.000.000,2023-05-18 11:19:47,2023-05-18 11:20:02,10.0,6,104,Questão 2,False,True,Aluno 06
20,105,20635,1684410307,,1684410310,1.000.000,2023-05-18 11:45:07,2023-05-18 11:45:10,10.0,2,105,Questão 3,False,True,Aluno 06
20,106,21340,1684526677,,1684526696,1.000.000,2023-05-19 20:04:37,2023-05-19 20:04:56,10.0,2,106,Questão 4,False,True,Aluno 06
20,107,21427,1684527749,,1684527753,1.000.000,2023-05-19 20:22:29,2023-05-19 20:22:33,10.0,7,107,Questão 5,False,True,Aluno 06
20,108,27104,1686179682,,1686179686,1.000.000,2023-06-07 23:14:42,2023-06-07 23:14:46,10.0,62,108,Questão 6,True,False,Aluno 06
20,109,27055,1685987464,,1685987494,1.000.000,2023-06-05 17:51:04,2023-06-05 17:51:34,10.0,8,109,Questão 7,True,False,Aluno 06
20,110,27108,1686182598,,1686182609,1.000.000,2023-06-08 00:03:18,2023-06-08 00:03:29,10.0,16,110,Questão 8,True,False,Aluno 06
20,111,27109,1686183372,,1686183376,1.000.000,2023-06-08 00:16:12,2023-06-08 00:16:16,10.0,5,111,Questão 9,True,False,Aluno 06
21,103,19966,1684170805,,1684170809,1.000.000,2023-05-15 17:13:25,2023-05-15 17:13:29,10.0,4,103,Questão 1,False,True,Aluno 30
21,104,19992,1684171342,,1684171346,1.000.000,2023-05-15 17:22:22,2023-05-15 17:22:26,10.0,5,104,Questão 2,False,True,Aluno 30
21,105,20017,1684171582,,1684171591,1.000.000,2023-05-15 17:26:22,2023-05-15 17:26:31,10.0,3,105,Questão 3,False,True,Aluno 30
21,106,20027,1684171783,,1684171787,1.000.000,2023-05-15 17:29:43,2023-05-15 17:29:47,10.0,4,106,Questão 4,False,True,Aluno 30
21,107,20058,1684172365,,1684172369,1.000.000,2023-05-15 17:39:25,2023-05-15 17:39:29,10.0,4,107,Questão 5,False,True,Aluno 30
21,108,23927,1684775233,,1684775244,1.000.000,2023-05-22 17:07:13,2023-05-22 17:07:24,10.0,57,108,Questão 6,False,True,Aluno 30
21,109,24561,1684799442,,1684799591,1.000.000,2023-05-22 23:50:42,2023-05-22 23:53:11,10.0,13,109,Questão 7,False,True,Aluno 30
21,110,24622,1684801987,,1684801991,0,2023-05-23 00:33:07,2023-05-23 00:33:11,0.0,5,110,Questão 8,False,True,Aluno 30
21,111,24719,1684806259,,1684806263,1.000.000,2023-05-23 01:44:19,2023-05-23 01:44:23,10.0,12,111,Questão 9,False,True,Aluno 30
22,103,19822,1684169676,,1684169695,1.000.000,2023-05-15 16:54:36,2023-05-15 16:54:55,10.0,4,103,Questão 1,False,True,Aluno 21
22,104,20251,1684328578,,1684328592,1.000.000,2023-05-17 13:02:58,2023-05-17 13:03:12,10.0,5,104,Questão 2,False,True,Aluno 21
22,105,20268,1684328945,,1684329550,1.000.000,2023-05-17 13:09:05,2023-05-17 13:19:10,10.0,3,105,Questão 3,False,True,Aluno 21
22,106,20305,1684329811,,1684329827,1.000.000,2023-05-17 13:23:31,2023-05-17 13:23:47,10.0,1,106,Questão 4,False,True,Aluno 21
22,107,20393,1684333585,,1684333607,1.000.000,2023-05-17 14:26:25,2023-05-17 14:26:47,10.0,2,107,Questão 5,False,True,Aluno 21
22,108,21117,1684495434,,1684495477,1.000.000,2023-05-19 11:23:54,2023-05-19 11:24:37,10.0,7,108,Questão 6,False,True,Aluno 21
22,109,21121,1684496127,,1684496134,1.000.000,2023-05-19 11:35:27,2023-05-19 11:35:34,10.0,4,109,Questão 7,False,True,Aluno 21
22,110,21131,1684497724,,1684497734,1.000.000,2023-05-19 12:02:04,2023-05-19 12:02:14,10.0,5,110,Questão 8,False,True,Aluno 21
22,111,21141,1684498199,,1684498209,1.000.000,2023-05-19 12:09:59,2023-05-19 12:10:09,10.0,5,111,Questão 9,False,True,Aluno 21
23,103,20211,1684326247,,1684326260,1.000.000,2023-05-17 12:24:07,2023-05-17 12:24:20,10.0,15,103,Questão 1,False,True,Aluno 32
23,104,21000,1684453327,,1684453352,1.000.000,2023-05-18 23:42:07,2023-05-18 23:42:32,10.0,5,104,Questão 2,False,True,Aluno 32
23,105,21007,1684453598,,1684453612,1.000.000,2023-05-18 23:46:38,2023-05-18 23:46:52,10.0,3,105,Questão 3,False,True,Aluno 32
23,106,21013,1684453786,,1684453809,1.000.000,2023-05-18 23:49:46,2023-05-18 23:50:09,10.0,2,106,Questão 4,False,True,Aluno 32
23,107,21044,1684455951,,1684455956,1.000.000,2023-05-19 00:25:51,2023-05-19 00:25:56,10.0,16,107,Questão 5,False,True,Aluno 32
23,108,21713,1684531478,,1684531494,1.000.000,2023-05-19 21:24:38,2023-05-19 21:24:54,10.0,31,108,Questão 6,False,True,Aluno 32
23,109,21808,1684552624,,1684552628,1.000.000,2023-05-20 03:17:04,2023-05-20 03:17:08,10.0,2,109,Questão 7,False,True,Aluno 32
23,110,21809,1684553108,,1684553133,1.000.000,2023-05-20 03:25:08,2023-05-20 03:25:33,10.0,1,110,Questão 8,False,True,Aluno 32
23,111,21811,1684554104,,1684554118,1.000.000,2023-05-20 03:41:44,2023-05-20 03:41:58,10.0,2,111,Questão 9,False,True,Aluno 32
25,103,22098,1684614383,,1684614387,1.000.000,2023-05-20 20:26:23,2023-05-20 20:26:27,10.0,3,103,Questão 1,False,True,Aluno 04
25,104,22263,1684616256,,1684616275,1.000.000,2023-05-20 20:57:36,2023-05-20 20:57:55,10.0,17,104,Questão 2,False,True,Aluno 04
25,105,22321,1684617119,,1684617130,1.000.000,2023-05-20 21:11:59,2023-05-20 21:12:10,10.0,7,105,Questão 3,False,True,Aluno 04
25,106,23710,1684774041,,1684774067,1.000.000,2023-05-22 16:47:21,2023-05-22 16:47:47,10.0,3,106,Questão 4,False,True,Aluno 04
25,107,23960,1684775446,,1684775548,1.000.000,2023-05-22 17:10:46,2023-05-22 17:12:28,10.0,4,107,Questão 5,False,True,Aluno 04
25,108,26284,1685381358,,1685381362,1.000.000,2023-05-29 17:29:18,2023-05-29 17:29:22,10.0,11,108,Questão 6,True,False,Aluno 04
26,103,19660,1684168895,,1684168907,1.000.000,2023-05-15 16:41:35,2023-05-15 16:41:47,10.0,4,103,Questão 1,False,True,Aluno 05
26,104,19639,1684168758,,1684168763,1.000.000,2023-05-15 16:39:18,2023-05-15 16:39:23,10.0,8,104,Questão 2,False,True,Aluno 05
26,105,19677,1684169071,,1684169090,1.000.000,2023-05-15 16:44:31,2023-05-15 16:44:50,10.0,2,105,Questão 3,False,True,Aluno 05
26,106,19712,1684169216,,1684169233,1.000.000,2023-05-15 16:46:56,2023-05-15 16:47:13,10.0,1,106,Questão 4,False,True,Aluno 05
26,107,19788,1684169542,,1684169559,1.000.000,2023-05-15 16:52:22,2023-05-15 16:52:39,10.0,3,107,Questão 5,False,True,Aluno 05
26,108,21277,1684505869,,1684505910,1.000.000,2023-05-19 14:17:49,2023-05-19 14:18:30,10.0,8,108,Questão 6,False,True,Aluno 05
26,109,21288,1684506360,,1684506388,1.000.000,2023-05-19 14:26:00,2023-05-19 14:26:28,10.0,6,109,Questão 7,False,True,Aluno 05
26,110,21294,1684506655,,1684506668,1.000.000,2023-05-19 14:30:55,2023-05-19 14:31:08,10.0,3,110,Questão 8,False,True,Aluno 05
26,111,21772,1684545576,,1684545580,1.000.000,2023-05-20 01:19:36,2023-05-20 01:19:40,10.0,4,111,Questão 9,False,True,Aluno 05
27,103,20020,1684171637,,1684171654,1.000.000,2023-05-15 17:27:17,2023-05-15 17:27:34,10.0,14,103,Questão 1,False,True,Aluno 28
27,104,20011,1684171498,,1684171520,1.000.000,2023-05-15 17:24:58,2023-05-15 17:25:20,10.0,8,104,Questão 2,False,True,Aluno 28
27,105,20055,1684172233,,1684172236,1.000.000,2023-05-15 17:37:13,2023-05-15 17:37:16,10.0,4,105,Questão 3,False,True,Aluno 28
27,106,20070,1684172534,,1684172544,0,2023-05-15 17:42:14,2023-05-15 17:42:24,0.0,2,106,Questão 4,False,True,Aluno 28
27,107,21346,1684526932,,1684526936,1.000.000,2023-05-19 20:08:52,2023-05-19 20:08:56,10.0,34,107,Questão 5,False,True,Aluno 28
27,108,21367,1684527234,,1684527242,500.000,2023-05-19 20:13:54,2023-05-19 20:14:02,5.0,11,108,Questão 6,False,True,Aluno 28
27,109,21660,1684530548,,1684530552,1.000.000,2023-05-19 21:09:08,2023-05-19 21:09:12,10.0,15,109,Questão 7,False,True,Aluno 28
27,110,22078,1684614211,,1684614229,0,2023-05-20 20:23:31,2023-05-20 20:23:49,0.0,4,110,Questão 8,False,True,Aluno 28
27,111,22330,1684617231,,1684617235,1.000.000,2023-05-20 21:13:51,2023-05-20 21:13:55,10.0,10,111,Questão 9,False,True,Aluno 28
28,103,20126,1684282856,,1684282871,1.000.000,2023-05-17 00:20:56,2023-05-17 00:21:11,10.0,35,103,Questão 1,False,True,Aluno 39
28,104,20176,1684286877,,1684286893,0,2023-05-17 01:27:57,2023-05-17 01:28:13,0.0,26,104,Questão 2,False,True,Aluno 39
28,105,20182,1684287808,,1684287819,1.000.000,2023-05-17 01:43:28,2023-05-17 01:43:39,10.0,3,105,Questão 3,False,True,Aluno 39
28,106,20920,1684438835,,1684438849,1.000.000,2023-05-18 19:40:35,2023-05-18 19:40:49,10.0,6,106,Questão 4,False,True,Aluno 39
28,107,21514,1684528958,,1684528962,1.000.000,2023-05-19 20:42:38,2023-05-19 20:42:42,10.0,6,107,Questão 5,False,True,Aluno 39
28,108,23528,1684764332,,1684764337,1.000.000,2023-05-22 14:05:32,2023-05-22 14:05:37,10.0,23,108,Questão 6,False,True,Aluno 39
28,109,24231,1684777535,,1684777539,1.000.000,2023-05-22 17:45:35,2023-05-22 17:45:39,10.0,45,109,Questão 7,False,True,Aluno 39
28,110,27369,1686793371,,1686793377,1.000.000,2023-06-15 01:42:51,2023-06-15 01:42:57,10.0,68,110,Questão 8,True,False,Aluno 39
28,111,24496,1684790982,,1684791003,1.000.000,2023-05-22 21:29:42,2023-05-22 21:30:03,10.0,10,111,Questão 9,False,True,Aluno 39
29,103,20363,1684332007,,1684332017,1.000.000,2023-05-17 14:00:07,2023-05-17 14:00:17,10.0,25,103,Questão 1,False,True,Aluno 33
29,104,20390,1684332831,,1684332841,1.000.000,2023-05-17 14:13:51,2023-05-17 14:14:01,10.0,10,104,Questão 2,False,True,Aluno 33
29,105,20403,1684334003,,1684334013,0,2023-05-17 14:33:23,2023-05-17 14:33:33,0.0,5,105,Questão 3,False,True,Aluno 33
29,106,20407,1684334166,,1684334170,1.000.000,2023-05-17 14:36:06,2023-05-17 14:36:10,10.0,2,106,Questão 4,False,True,Aluno 33
29,107,20413,1684334805,,1684334814,1.000.000,2023-05-17 14:46:45,2023-05-17 14:46:54,10.0,5,107,Questão 5,False,True,Aluno 33
29,108,20912,1684438652,,1684438656,1.000.000,2023-05-18 19:37:32,2023-05-18 19:37:36,10.0,5,108,Questão 6,False,True,Aluno 33
29,109,20922,1684438930,,1684438934,1.000.000,2023-05-18 19:42:10,2023-05-18 19:42:14,10.0,6,109,Questão 7,False,True,Aluno 33
29,110,21414,1684527622,,1684527626,1.000.000,2023-05-19 20:20:22,2023-05-19 20:20:26,10.0,13,110,Questão 8,False,True,Aluno 33
29,111,21521,1684529054,,1684529071,1.000.000,2023-05-19 20:44:14,2023-05-19 20:44:31,10.0,5,111,Questão 9,False,True,Aluno 33
30,103,21739,1684539257,,1684539264,1.000.000,2023-05-19 23:34:17,2023-05-19 23:34:24,10.0,18,103,Questão 1,False,True,Aluno 20
30,104,21746,1684540246,,1684540267,1.000.000,2023-05-19 23:50:46,2023-05-19 23:51:07,10.0,7,104,Questão 2,False,True,Aluno 20
30,105,21750,1684540939,,1684540956,1.000.000,2023-05-20 00:02:19,2023-05-20 00:02:36,10.0,3,105,Questão 3,False,True,Aluno 20
30,106,22038,1684613569,,1684613732,0,2023-05-20 20:12:49,2023-05-20 20:15:32,0.0,3,106,Questão 4,False,True,Aluno 20
30,107,22090,1684614300,,1684614305,0,2023-05-20 20:25:00,2023-05-20 20:25:05,0.0,8,107,Questão 5,False,True,Aluno 20
30,108,26266,1685381222,,1685381284,1.000.000,2023-05-29 17:27:02,2023-05-29 17:28:04,10.0,15,108,Questão 6,True,False,Aluno 20
30,109,22408,1684626450,,1684626489,1.000.000,2023-05-20 23:47:30,2023-05-20 23:48:09,10.0,8,109,Questão 7,False,True,Aluno 20
30,110,22420,1684627571,,1684627596,1.000.000,2023-05-21 00:06:11,2023-05-21 00:06:36,10.0,11,110,Questão 8,False,True,Aluno 20
30,111,22446,1684673806,,1684673839,500.000,2023-05-21 12:56:46,2023-05-21 12:57:19,5.0,8,111,Questão 9,False,True,Aluno 20
34,103,20994,1684452956,,1684452965,1.000.000,2023-05-18 23:35:56,2023-05-18 23:36:05,10.0,5,103,Questão 1,False,True,Aluno 13
34,104,20136,1684283090,,1684283101,0,2023-05-17 00:24:50,2023-05-17 00:25:01,0.0,3,104,Questão 2,False,True,Aluno 13
34,105,20144,1684283579,,1684283590,1.000.000,2023-05-17 00:32:59,2023-05-17 00:33:10,10.0,4,105,Questão 3,False,True,Aluno 13
34,106,20852,1684437131,,1684437625,1.000.000,2023-05-18 19:12:11,2023-05-18 19:20:25,10.0,7,106,Questão 4,False,True,Aluno 13
34,107,20988,1684452732,,1684452745,1.000.000,2023-05-18 23:32:12,2023-05-18 23:32:25,10.0,20,107,Questão 5,False,True,Aluno 13
34,108,21441,1684527888,,1684527945,1.000.000,2023-05-19 20:24:48,2023-05-19 20:25:45,10.0,20,108,Questão 6,False,True,Aluno 13
34,109,21849,1684581165,,1684581372,1.000.000,2023-05-20 11:12:45,2023-05-20 11:16:12,10.0,49,109,Questão 7,False,True,Aluno 13
34,110,21870,1684582816,,1684582828,1.000.000,2023-05-20 11:40:16,2023-05-20 11:40:28,10.0,15,110,Questão 8,False,True,Aluno 13
34,111,21885,1684583837,,1684583841,1.000.000,2023-05-20 11:57:17,2023-05-20 11:57:21,10.0,12,111,Questão 9,False,True,Aluno 13
35,103,21156,1684499252,,1684499255,1.000.000,2023-05-19 12:27:32,2023-05-19 12:27:35,10.0,5,103,Questão 1,False,True,Aluno 11
35,104,21159,1684499639,,1684499642,1.000.000,2023-05-19 12:33:59,2023-05-19 12:34:02,10.0,2,104,Questão 2,False,True,Aluno 11
35,105,21160,1684499769,,1684499778,1.000.000,2023-05-19 12:36:09,2023-05-19 12:36:18,10.0,1,105,Questão 3,False,True,Aluno 11
35,106,21164,1684499961,,1684499966,1.000.000,2023-05-19 12:39:21,2023-05-19 12:39:26,10.0,3,106,Questão 4,False,True,Aluno 11
35,107,21171,1684500217,,1684500221,1.000.000,2023-05-19 12:43:37,2023-05-19 12:43:41,10.0,2,107,Questão 5,False,True,Aluno 11
35,108,21201,1684502621,,1684502627,1.000.000,2023-05-19 13:23:41,2023-05-19 13:23:47,10.0,6,108,Questão 6,False,True,Aluno 11
35,109,21211,1684502859,,1684502869,1.000.000,2023-05-19 13:27:39,2023-05-19 13:27:49,10.0,2,109,Questão 7,False,True,Aluno 11
35,110,21217,1684503097,,1684503101,1.000.000,2023-05-19 13:31:37,2023-05-19 13:31:41,10.0,2,110,Questão 8,False,True,Aluno 11
35,111,21228,1684503356,,1684503359,1.000.000,2023-05-19 13:35:56,2023-05-19 13:35:59,10.0,1,111,Questão 9,False,True,Aluno 11
36,103,19865,1684169986,,1684169989,1.000.000,2023-05-15 16:59:46,2023-05-15 16:59:49,10.0,7,103,Questão 1,False,True,Aluno 12
36,104,19813,1684169637,,1684169641,1.000.000,2023-05-15 16:53:57,2023-05-15 16:54:01,10.0,7,104,Questão 2,False,True,Aluno 12
36,105,19853,1684169903,,1684169906,1.000.000,2023-05-15 16:58:23,2023-05-15 16:58:26,10.0,2,105,Questão 3,False,True,Aluno 12
36,106,19976,1684170975,,1684171024,1.000.000,2023-05-15 17:16:15,2023-05-15 17:17:04,10.0,8,106,Questão 4,False,True,Aluno 12
36,107,20227,1684327530,,1684327534,0,2023-05-17 12:45:30,2023-05-17 12:45:34,0.0,8,107,Questão 5,False,True,Aluno 12
36,108,20311,1684329948,,1684329952,1.000.000,2023-05-17 13:25:48,2023-05-17 13:25:52,10.0,18,108,Questão 6,False,True,Aluno 12
36,109,21192,1684502140,,1684502144,1.000.000,2023-05-19 13:15:40,2023-05-19 13:15:44,10.0,17,109,Questão 7,False,True,Aluno 12
36,110,21199,1684502465,,1684502477,1.000.000,2023-05-19 13:21:05,2023-05-19 13:21:17,10.0,4,110,Questão 8,False,True,Aluno 12
36,111,21222,1684503150,,1684503163,1.000.000,2023-05-19 13:32:30,2023-05-19 13:32:43,10.0,5,111,Questão 9,False,True,Aluno 12
37,103,20873,1684437574,,1684437585,1.000.000,2023-05-18 19:19:34,2023-05-18 19:19:45,10.0,18,103,Questão 1,False,True,Aluno 35
37,104,24754,1684808719,,1684808729,1.000.000,2023-05-23 02:25:19,2023-05-23 02:25:29,10.0,27,104,Questão 2,False,True,Aluno 35
37,105,21326,1684525760,,1684525773,1.000.000,2023-05-19 19:49:20,2023-05-19 19:49:33,10.0,8,105,Questão 3,False,True,Aluno 35
37,106,21333,1684526029,,1684526033,1.000.000,2023-05-19 19:53:49,2023-05-19 19:53:53,10.0,3,106,Questão 4,False,True,Aluno 35
37,107,23297,1684719884,,1684719899,1.000.000,2023-05-22 01:44:44,2023-05-22 01:44:59,10.0,19,107,Questão 5,False,True,Aluno 35
37,108,23333,1684723134,,1684723144,1.000.000,2023-05-22 02:38:54,2023-05-22 02:39:04,10.0,26,108,Questão 6,False,True,Aluno 35
37,109,24660,1684802859,,1684802906,1.000.000,2023-05-23 00:47:39,2023-05-23 00:48:26,10.0,10,109,Questão 7,False,True,Aluno 35
37,110,24749,1684808325,,1684808453,1.000.000,2023-05-23 02:18:45,2023-05-23 02:20:53,10.0,21,110,Questão 8,False,True,Aluno 35
37,111,24769,1684810001,,1684810006,1.000.000,2023-05-23 02:46:41,2023-05-23 02:46:46,10.0,11,111,Questão 9,False,True,Aluno 35
38,103,22845,1684698994,,1684699003,0,2023-05-21 19:56:34,2023-05-21 19:56:43,0.0,51,103,Questão 1,False,True,Aluno 18
38,104,27169,1686354480,,1686354501,0,2023-06-09 23:48:00,2023-06-09 23:48:21,0.0,33,104,Questão 2,True,False,Aluno 18
38,105,22965,1684703290,,1684703301,1.000.000,2023-05-21 21:08:10,2023-05-21 21:08:21,10.0,26,105,Questão 3,False,True,Aluno 18
38,106,23172,1684713468,,1684713499,1.000.000,2023-05-21 23:57:48,2023-05-21 23:58:19,10.0,16,106,Questão 4,False,True,Aluno 18
38,107,23029,1684705600,,1684705663,0,2023-05-21 21:46:40,2023-05-21 21:47:43,0.0,14,107,Questão 5,False,True,Aluno 18
38,108,23338,1684723678,,1684723698,500.000,2023-05-22 02:47:58,2023-05-22 02:48:18,5.0,4,108,Questão 6,False,True,Aluno 18
38,109,23341,1684724154,,1684724176,1.000.000,2023-05-22 02:55:54,2023-05-22 02:56:16,10.0,5,109,Questão 7,False,True,Aluno 18
38,110,23346,1684724538,,1684724558,1.000.000,2023-05-22 03:02:18,2023-05-22 03:02:38,10.0,1,110,Questão 8,False,True,Aluno 18
38,111,27252,1686424563,,1686424578,1.000.000,2023-06-10 19:16:03,2023-06-10 19:16:18,10.0,6,111,Questão 9,True,False,Aluno 18
40,103,22204,1684615455,,1684615466,1.000.000,2023-05-20 20:44:15,2023-05-20 20:44:26,10.0,11,103,Questão 1,False,True,Aluno 09
40,104,22367,1684617768,,1684617793,1.000.000,2023-05-20 21:22:48,2023-05-20 21:23:13,10.0,20,104,Questão 2,False,True,Aluno 09
40,105,22552,1684686133,,1684686158,1.000.000,2023-05-21 16:22:13,2023-05-21 16:22:38,10.0,6,105,Questão 3,False,True,Aluno 09
40,106,22574,1684687155,,1684687190,1.000.000,2023-05-21 16:39:15,2023-05-21 16:39:50,10.0,6,106,Questão 4,False,True,Aluno 09
40,107,24081,1684776480,,1684776524,1.000.000,2023-05-22 17:28:00,2023-05-22 17:28:44,10.0,62,107,Questão 5,False,True,Aluno 09
40,108,24330,1684778632,,1684778650,1.000.000,2023-05-22 18:03:52,2023-05-22 18:04:10,10.0,40,108,Questão 6,False,True,Aluno 09
40,109,24381,1684786750,,1684786782,1.000.000,2023-05-22 20:19:10,2023-05-22 20:19:42,10.0,24,109,Questão 7,False,True,Aluno 09
40,110,24403,1684787435,,1684787454,1.000.000,2023-05-22 20:30:35,2023-05-22 20:30:54,10.0,5,110,Questão 8,False,True,Aluno 09
40,111,24788,1684810962,,1684810968,1.000.000,2023-05-23 03:02:42,2023-05-23 03:02:48,10.0,20,111,Questão 9,False,True,Aluno 09
41,103,20088,1684195732,,1684195738,1.000.000,2023-05-16 00:08:52,2023-05-16 00:08:58,10.0,7,103,Questão 1,False,True,Aluno 03
41,104,20101,1684196551,,1684196555,1.000.000,2023-05-16 00:22:31,2023-05-16 00:22:35,10.0,7,104,Questão 2,False,True,Aluno 03
41,105,20184,1684323748,,1684323762,1.000.000,2023-05-17 11:42:28,2023-05-17 11:42:42,10.0,2,105,Questão 3,False,True,Aluno 03
41,106,20186,1684323930,,1684323947,1.000.000,2023-05-17 11:45:30,2023-05-17 11:45:47,10.0,2,106,Questão 4,False,True,Aluno 03
41,107,20188,1684324497,,1684775216,1.000.000,2023-05-17 11:54:57,2023-05-22 17:06:56,10.0,3,107,Questão 5,False,True,Aluno 03
41,108,20215,1684326462,,1684326472,1.000.000,2023-05-17 12:27:42,2023-05-17 12:27:52,10.0,8,108,Questão 6,False,True,Aluno 03
41,109,20241,1684328349,,1684328353,1.000.000,2023-05-17 12:59:09,2023-05-17 12:59:13,10.0,6,109,Questão 7,False,True,Aluno 03
41,110,20282,1684329190,,1684329224,1.000.000,2023-05-17 13:13:10,2023-05-17 13:13:44,10.0,5,110,Questão 8,False,True,Aluno 03
41,111,20325,1684330661,,1684330681,1.000.000,2023-05-17 13:37:41,2023-05-17 13:38:01,10.0,4,111,Questão 9,False,True,Aluno 03
42,103,22277,1684616478,,1684616501,1.000.000,2023-05-20 21:01:18,2023-05-20 21:01:41,10.0,8,103,Questão 1,False,True,Aluno 37
42,104,22383,1684618000,,1684618011,1.000.000,2023-05-20 21:26:40,2023-05-20 21:26:51,10.0,15,104,Questão 2,False,True,Aluno 37
42,105,23458,1684762606,,1684762616,1.000.000,2023-05-22 13:36:46,2023-05-22 13:36:56,10.0,6,105,Questão 3,False,True,Aluno 37
42,106,23495,1684763205,,1684763215,1.000.000,2023-05-22 13:46:45,2023-05-22 13:46:55,10.0,4,106,Questão 4,False,True,Aluno 37
42,107,23695,1684773950,,1684773981,1.000.000,2023-05-22 16:45:50,2023-05-22 16:46:21,10.0,2,107,Questão 5,False,True,Aluno 37
42,108,24131,1684776808,,1684776851,1.000.000,2023-05-22 17:33:28,2023-05-22 17:34:11,10.0,11,108,Questão 6,False,True,Aluno 37
42,109,24339,1684779239,,1684779244,1.000.000,2023-05-22 18:13:59,2023-05-22 18:14:04,10.0,8,109,Questão 7,False,True,Aluno 37
42,110,24604,1684801586,,1684801607,1.000.000,2023-05-23 00:26:26,2023-05-23 00:26:47,10.0,3,110,Questão 8,False,True,Aluno 37
42,111,24680,1684803951,,1684803962,1.000.000,2023-05-23 01:05:51,2023-05-23 01:06:02,10.0,14,111,Questão 9,False,True,Aluno 37
43,103,20457,1684357433,,1684357447,1.000.000,2023-05-17 21:03:53,2023-05-17 21:04:07,10.0,5,103,Questão 1,False,True,Aluno 07
43,104,20468,1684358423,,1684358441,1.000.000,2023-05-17 21:20:23,2023-05-17 21:20:41,10.0,10,104,Questão 2,False,True,Aluno 07
43,105,20471,1684358985,,1684359010,1.000.000,2023-05-17 21:29:45,2023-05-17 21:30:10,10.0,2,105,Questão 3,False,True,Aluno 07
43,106,20473,1684359644,,1684359659,1.000.000,2023-05-17 21:40:44,2023-05-17 21:40:59,10.0,2,106,Questão 4,False,True,Aluno 07
43,107,20479,1684360086,,1684360164,1.000.000,2023-05-17 21:48:06,2023-05-17 21:49:24,10.0,4,107,Questão 5,False,True,Aluno 07
43,108,20493,1684366314,,1684366319,1.000.000,2023-05-17 23:31:54,2023-05-17 23:31:59,10.0,8,108,Questão 6,False,True,Aluno 07
43,109,20527,1684369861,,1684369992,1.000.000,2023-05-18 00:31:01,2023-05-18 00:33:12,10.0,23,109,Questão 7,False,True,Aluno 07
43,110,20573,1684372026,,1684372045,1.000.000,2023-05-18 01:07:06,2023-05-18 01:07:25,10.0,21,110,Questão 8,False,True,Aluno 07
43,111,20583,1684372608,,1684372626,1.000.000,2023-05-18 01:16:48,2023-05-18 01:17:06,10.0,3,111,Questão 9,False,True,Aluno 07
44,103,22052,1684613777,,1684613780,1.000.000,2023-05-20 20:16:17,2023-05-20 20:16:20,10.0,6,103,Questão 1,False,True,Aluno 24
44,104,22089,1684614298,,1684614317,1.000.000,2023-05-20 20:24:58,2023-05-20 20:25:17,10.0,3,104,Questão 2,False,True,Aluno 24
44,105,22112,1684614506,,1684614531,1.000.000,2023-05-20 20:28:26,2023-05-20 20:28:51,10.0,2,105,Questão 3,False,True,Aluno 24
44,106,22627,1684689569,,1684689591,1.000.000,2023-05-21 17:19:29,2023-05-21 17:19:51,10.0,2,106,Questão 4,False,True,Aluno 24
44,107,22669,1684691290,,1684691296,1.000.000,2023-05-21 17:48:10,2023-05-21 17:48:16,10.0,19,107,Questão 5,False,True,Aluno 24
44,108,22691,1684693578,,1684693699,1.000.000,2023-05-21 18:26:18,2023-05-21 18:28:19,10.0,4,108,Questão 6,False,True,Aluno 24
44,109,22715,1684694321,,1684694375,1.000.000,2023-05-21 18:38:41,2023-05-21 18:39:35,10.0,2,109,Questão 7,False,True,Aluno 24
44,110,22732,1684695211,,1684695251,1.000.000,2023-05-21 18:53:31,2023-05-21 18:54:11,10.0,5,110,Questão 8,False,True,Aluno 24
44,111,22766,1684696292,,1684696297,1.000.000,2023-05-21 19:11:32,2023-05-21 19:11:37,10.0,5,111,Questão 9,False,True,Aluno 24
45,103,23802,1684774547,,1684774558,0,2023-05-22 16:55:47,2023-05-22 16:55:58,0.0,16,103,Questão 1,False,True,Aluno 16
45,107,24072,1684776398,,1684776497,1.000.000,2023-05-22 17:26:38,2023-05-22 17:28:17,10.0,19,107,Questão 5,False,True,Aluno 16
45,108,24546,1684798469,,1684798474,0,2023-05-22 23:34:29,2023-05-22 23:34:34,0.0,25,108,Questão 6,False,True,Aluno 16
45,109,24625,1684802028,,1684802032,0,2023-05-23 00:33:48,2023-05-23 00:33:52,0.0,16,109,Questão 7,False,True,Aluno 16
45,110,24673,1684803641,,1684803644,1.000.000,2023-05-23 01:00:41,2023-05-23 01:00:44,10.0,2,110,Questão 8,False,True,Aluno 16
45,111,24682,1684804011,,1684804034,0,2023-05-23 01:06:51,2023-05-23 01:07:14,0.0,6,111,Questão 9,False,True,Aluno 16
46,103,20061,1684172422,,1684172438,1.000.000,2023-05-15 17:40:22,2023-05-15 17:40:38,10.0,22,103,Questão 1,False,True,Aluno 25
46,104,21935,1684598168,,1684598183,1.000.000,2023-05-20 15:56:08,2023-05-20 15:56:23,10.0,12,104,Questão 2,False,True,Aluno 25
46,105,21945,1684598854,,1684598873,1.000.000,2023-05-20 16:07:34,2023-05-20 16:07:53,10.0,6,105,Questão 3,False,True,Aluno 25
46,106,21948,1684599490,,1684599512,1.000.000,2023-05-20 16:18:10,2023-05-20 16:18:32,10.0,3,106,Questão 4,False,True,Aluno 25
46,107,21950,1684599829,,1684599869,1.000.000,2023-05-20 16:23:49,2023-05-20 16:24:29,10.0,2,107,Questão 5,False,True,Aluno 25
46,108,23726,1684774163,,1684774198,1.000.000,2023-05-22 16:49:23,2023-05-22 16:49:58,10.0,17,108,Questão 6,False,True,Aluno 25
46,109,22022,1684605771,,1684605776,1.000.000,2023-05-20 18:02:51,2023-05-20 18:02:56,10.0,3,109,Questão 7,False,True,Aluno 25
46,110,23776,1684774428,,1684774446,1.000.000,2023-05-22 16:53:48,2023-05-22 16:54:06,10.0,14,110,Questão 8,False,True,Aluno 25
46,111,22884,1684699915,,1684699920,1.000.000,2023-05-21 20:11:55,2023-05-21 20:12:00,10.0,15,111,Questão 9,False,True,Aluno 25
47,103,22149,1684614809,,1684614825,1.000.000,2023-05-20 20:33:29,2023-05-20 20:33:45,10.0,12,103,Questão 1,False,True,Aluno 36
47,104,22244,1684616054,,1684616070,1.000.000,2023-05-20 20:54:14,2023-05-20 20:54:30,10.0,5,104,Questão 2,False,True,Aluno 36
47,105,22312,1684617042,,1684617050,1.000.000,2023-05-20 21:10:42,2023-05-20 21:10:50,10.0,7,105,Questão 3,False,True,Aluno 36
47,106,23657,1684773721,,1684773751,1.000.000,2023-05-22 16:42:01,2023-05-22 16:42:31,10.0,1,106,Questão 4,False,True,Aluno 36
47,107,23810,1684774591,,1684774652,1.000.000,2023-05-22 16:56:31,2023-05-22 16:57:32,10.0,3,107,Questão 5,False,True,Aluno 36
47,108,24184,1684777155,,1684777170,1.000.000,2023-05-22 17:39:15,2023-05-22 17:39:30,10.0,8,108,Questão 6,False,True,Aluno 36
47,110,26323,1685381860,,1685381872,1.000.000,2023-05-29 17:37:40,2023-05-29 17:37:52,10.0,12,110,Questão 8,True,False,Aluno 36
48,103,25235,1684936851,,1684936855,1.000.000,2023-05-24 14:00:51,2023-05-24 14:00:55,10.0,3,103,Questão 1,False,True,Aluno 14
48,104,25248,1684937696,,1684937709,1.000.000,2023-05-24 14:14:56,2023-05-24 14:15:09,10.0,4,104,Questão 2,False,True,Aluno 14
48,105,25759,1685310170,,1685310180,1.000.000,2023-05-28 21:42:50,2023-05-28 21:43:00,10.0,3,105,Questão 3,True,False,Aluno 14
48,106,25762,1685310381,,1685310404,1.000.000,2023-05-28 21:46:21,2023-05-28 21:46:44,10.0,2,106,Questão 4,True,False,Aluno 14
48,107,25764,1685310638,,1685310667,1.000.000,2023-05-28 21:50:38,2023-05-28 21:51:07,10.0,2,107,Questão 5,True,False,Aluno 14
48,108,25770,1685312606,,1685312612,1.000.000,2023-05-28 22:23:26,2023-05-28 22:23:32,10.0,5,108,Questão 6,True,False,Aluno 14
48,109,25773,1685313544,,1685313547,1.000.000,2023-05-28 22:39:04,2023-05-28 22:39:07,10.0,4,109,Questão 7,True,False,Aluno 14
48,110,25785,1685314976,,1685314988,1.000.000,2023-05-28 23:02:56,2023-05-28 23:03:08,10.0,11,110,Questão 8,True,False,Aluno 14
48,111,26061,1685378708,,1685378712,1.000.000,2023-05-29 16:45:08,2023-05-29 16:45:12,10.0,3,111,Questão 9,True,False,Aluno 14
49,103,22328,1684617221,,1684617225,1.000.000,2023-05-20 21:13:41,2023-05-20 21:13:45,10.0,3,103,Questão 1,False,True,Aluno 22
49,104,23506,1684763535,,1684763548,1.000.000,2023-05-22 13:52:15,2023-05-22 13:52:28,10.0,27,104,Questão 2,False,True,Aluno 22
49,105,23542,1684764774,,1684764785,1.000.000,2023-05-22 14:12:54,2023-05-22 14:13:05,10.0,4,105,Questão 3,False,True,Aluno 22
49,107,23978,1684775528,,1684775571,1.000.000,2023-05-22 17:12:08,2023-05-22 17:12:51,10.0,8,107,Questão 5,False,True,Aluno 22
49,108,24947,1684851122,,1684851125,1.000.000,2023-05-23 14:12:02,2023-05-23 14:12:05,10.0,25,108,Questão 6,False,True,Aluno 22
49,109,25414,1685020051,,1685020090,1.000.000,2023-05-25 13:07:31,2023-05-25 13:08:10,10.0,23,109,Questão 7,True,False,Aluno 22
49,110,25425,1685023072,,1685023780,1.000.000,2023-05-25 13:57:52,2023-05-25 14:09:40,10.0,11,110,Questão 8,True,False,Aluno 22
49,111,25432,1685026413,,1685026418,1.000.000,2023-05-25 14:53:33,2023-05-25 14:53:38,10.0,6,111,Questão 9,True,False,Aluno 22
50,103,23727,1684774163,,1684774169,1.000.000,2023-05-22 16:49:23,2023-05-22 16:49:29,10.0,10,103,Questão 1,False,True,Aluno 10
50,104,23921,1684775205,,1684775209,1.000.000,2023-05-22 17:06:45,2023-05-22 17:06:49,10.0,17,104,Questão 2,False,True,Aluno 10
50,105,23994,1684775655,,1684775670,1.000.000,2023-05-22 17:14:15,2023-05-22 17:14:30,10.0,9,105,Questão 3,False,True,Aluno 10
50,106,24350,1684783952,,1684783965,1.000.000,2023-05-22 19:32:32,2023-05-22 19:32:45,10.0,8,106,Questão 4,False,True,Aluno 10
50,107,25653,1685207843,,1685207872,1.000.000,2023-05-27 17:17:23,2023-05-27 17:17:52,10.0,11,107,Questão 5,True,False,Aluno 10
50,108,25893,1685365460,,1685365463,1.000.000,2023-05-29 13:04:20,2023-05-29 13:04:23,10.0,19,108,Questão 6,True,False,Aluno 10
50,109,25896,1685366011,,1685366040,1.000.000,2023-05-29 13:13:31,2023-05-29 13:14:00,10.0,3,109,Questão 7,True,False,Aluno 10
50,110,25941,1685367230,,1685367241,1.000.000,2023-05-29 13:33:50,2023-05-29 13:34:01,10.0,9,110,Questão 8,True,False,Aluno 10
50,111,25972,1685368208,,1685368212,1.000.000,2023-05-29 13:50:08,2023-05-29 13:50:12,10.0,10,111,Questão 9,True,False,Aluno 10
51,103,19582,1684168379,,1684168416,1.000.000,2023-05-15 16:32:59,2023-05-15 16:33:36,10.0,4,103,Questão 1,False,True,Aluno 26
51,104,19621,1684168654,,1684168657,1.000.000,2023-05-15 16:37:34,2023-05-15 16:37:37,10.0,3,104,Questão 2,False,True,Aluno 26
51,105,19649,1684168815,,1684168825,1.000.000,2023-05-15 16:40:15,2023-05-15 16:40:25,10.0,2,105,Questão 3,False,True,Aluno 26
51,106,19665,1684168961,,1684168970,1.000.000,2023-05-15 16:42:41,2023-05-15 16:42:50,10.0,1,106,Questão 4,False,True,Aluno 26
51,107,19683,1684169104,,1684169133,1.000.000,2023-05-15 16:45:04,2023-05-15 16:45:33,10.0,1,107,Questão 5,False,True,Aluno 26
51,108,19816,1684169653,,1684169656,1.000.000,2023-05-15 16:54:13,2023-05-15 16:54:16,10.0,5,108,Questão 6,False,True,Aluno 26
51,109,21209,1684502780,,1684502784,1.000.000,2023-05-19 13:26:20,2023-05-19 13:26:24,10.0,4,109,Questão 7,False,True,Aluno 26
51,110,21232,1684503465,,1684503478,1.000.000,2023-05-19 13:37:45,2023-05-19 13:37:58,10.0,7,110,Questão 8,False,True,Aluno 26
51,111,21241,1684503897,,1684503920,1.000.000,2023-05-19 13:44:57,2023-05-19 13:45:20,10.0,1,111,Questão 9,False,True,Aluno 26
52,103,22427,1684637557,,1684637561,0,2023-05-21 02:52:37,2023-05-21 02:52:41,0.0,4,103,Questão 1,False,True,Aluno 38
52,104,26033,1685373152,,1685373155,0,2023-05-29 15:12:32,2023-05-29 15:12:35,0.0,3,104,Questão 2,True,False,Aluno 38
52,105,26036,1685373370,,1685373373,1.000.000,2023-05-29 15:16:10,2023-05-29 15:16:13,10.0,5,105,Questão 3,True,False,Aluno 38
52,106,26038,1685373450,,1685373454,1.000.000,2023-05-29 15:17:30,2023-05-29 15:17:34,10.0,5,106,Questão 4,True,False,Aluno 38
52,107,21394,1684527501,,1684527507,1.000.000,2023-05-19 20:18:21,2023-05-19 20:18:27,10.0,2,107,Questão 5,False,True,Aluno 38
52,108,26372,1685382374,,1685382385,1.000.000,2023-05-29 17:46:14,2023-05-29 17:46:25,10.0,8,108,Questão 6,True,False,Aluno 38
52,109,22436,1684644184,,1684644188,1.000.000,2023-05-21 04:43:04,2023-05-21 04:43:08,10.0,2,109,Questão 7,False,True,Aluno 38
52,110,22505,1684680133,,1684680138,1.000.000,2023-05-21 14:42:13,2023-05-21 14:42:18,10.0,6,110,Questão 8,False,True,Aluno 38
52,111,22518,1684682338,,1685381905,0,2023-05-21 15:18:58,2023-05-29 17:38:25,0.0,1,111,Questão 9,False,True,Aluno 38
54,103,19725,1684169285,,1684169300,1.000.000,2023-05-15 16:48:05,2023-05-15 16:48:20,10.0,5,103,Questão 1,False,True,Aluno 19
54,104,19819,1684169657,,1684169665,1.000.000,2023-05-15 16:54:17,2023-05-15 16:54:25,10.0,6,104,Questão 2,False,True,Aluno 19
54,105,20931,1684448953,,1684448968,1.000.000,2023-05-18 22:29:13,2023-05-18 22:29:28,10.0,1,105,Questão 3,False,True,Aluno 19
54,106,20933,1684449145,,1684449160,1.000.000,2023-05-18 22:32:25,2023-05-18 22:32:40,10.0,2,106,Questão 4,False,True,Aluno 19
54,107,20953,1684451020,,1684451028,1.000.000,2023-05-18 23:03:40,2023-05-18 23:03:48,10.0,9,107,Questão 5,False,True,Aluno 19
54,108,20975,1684451721,,1684451725,1.000.000,2023-05-18 23:15:21,2023-05-18 23:15:25,10.0,8,108,Questão 6,False,True,Aluno 19
54,109,21010,1684453671,,1684453696,1.000.000,2023-05-18 23:47:51,2023-05-18 23:48:16,10.0,7,109,Questão 7,False,True,Aluno 19
54,110,21033,1684455531,,1684455544,1.000.000,2023-05-19 00:18:51,2023-05-19 00:19:04,10.0,1,110,Questão 8,False,True,Aluno 19
54,111,21041,1684455836,,1684455847,1.000.000,2023-05-19 00:23:56,2023-05-19 00:24:07,10.0,4,111,Questão 9,False,True,Aluno 19
56,103,21939,1684598267,,1684598271,1.000.000,2023-05-20 15:57:47,2023-05-20 15:57:51,10.0,8,103,Questão 1,False,True,Aluno 02
56,104,21965,1684601294,,1684601313,1.000.000,2023-05-20 16:48:14,2023-05-20 16:48:33,10.0,5,104,Questão 2,False,True,Aluno 02
56,105,21972,1684601551,,1684601562,1.000.000,2023-05-20 16:52:31,2023-05-20 16:52:42,10.0,1,105,Questão 3,False,True,Aluno 02
56,106,22982,1684704149,,1684704154,1.000.000,2023-05-21 21:22:29,2023-05-21 21:22:34,10.0,2,106,Questão 4,False,True,Aluno 02
56,107,22991,1684704652,,1684704656,1.000.000,2023-05-21 21:30:52,2023-05-21 21:30:56,10.0,2,107,Questão 5,False,True,Aluno 02
56,108,24092,1684776540,,1684776588,1.000.000,2023-05-22 17:29:00,2023-05-22 17:29:48,10.0,17,108,Questão 6,False,True,Aluno 02
56,109,24565,1684799978,,1684799984,1.000.000,2023-05-22 23:59:38,2023-05-22 23:59:44,10.0,8,109,Questão 7,False,True,Aluno 02
56,110,24576,1684800731,,1684800745,1.000.000,2023-05-23 00:12:11,2023-05-23 00:12:25,10.0,1,110,Questão 8,False,True,Aluno 02
56,111,24637,1684802417,,1684802423,1.000.000,2023-05-23 00:40:17,2023-05-23 00:40:23,10.0,14,111,Questão 9,False,True,Aluno 02
